{

	"content":

[

		{"head1":"Project A has  changed",
			"para":

			"Lorem ipsum dolor sit amet, consectetuer adipiscing elit. Aenean commodo ligula eget dolor. Aenean massa. Cum sociis natoque penatibus et magnis dis parturient montes, nascetur ridiculus mus.<br><br> Donec quam felis, ultricies nec, pellentesque eu, pretium quis, sem. Nulla consequat massa quis enim. <br><br> Donec pede justo, fringilla vel, aliquet nec, vulputate eget, arcu. In enim justo, rhoncus ut, imperdiet a, venenatis vitae, justo. ",
			"img":"SkullFresasIII.png"
		},
		{
			"head1":"Project B for Leila",
				"para":
					"Lorem ipsum dolor sit amet, consectetuer adipiscing elit. Aenean commodo ligula eget dolor. Aenean massa.<br><br> Cum sociis natoque penatibus et magnis dis parturient montes, nascetur ridiculus mus. Donec quam felis, ultricies nec, pellentesque eu, pretium quis, sem.<br><br> Nulla consequat massa quis enim. Donec pede justo, fringilla vel, aliquet nec, vulputate eget, arcu. In enim justo, rhoncus ut, imperdiet a, venenatis vitae, justo. ",
				"img":"TigerDogIII.png"

		},
		{
			"head1":"Project c",
			"para":
			"Lorem ipsum dolor sit amet, consectetuer adipiscing elit. Aenean commodo ligula eget dolor. Aenean massa.<br><br> Cum sociis natoque penatibus et magnis dis parturient montes,<br> <h2>nascetur ridiculus mus.</h2> Donec quam felis, ultricies nec, pellentesque eu, pretium quis, sem.<br><br> Nulla consequat massa quis enim. Donec pede justo, fringilla vel, aliquet nec, vulputate eget, arcu. In enim justo, rhoncus ut, imperdiet a, venenatis vitae, justo. ",
			"img":"VictorHugo.png"

		},
		{
			"head1":"Project D Change",
			"body":"here goes the body of the text"

		}

	]
}
